{"id":"7caaa9e5-8ae7-4803-9658-3236592b8293","alias":"HelloWorldWebPart","componentType":"WebPart","version":"0.0.1","manifestVersion":2,"requiresCustomScript":false,"supportedHosts":["SharePointWebPart"],"preconfiguredEntries":[{"groupId":"5c03119e-3074-46fd-976b-c60198311f70","group":{"default":"Other"},"title":{"default":"HelloWorld"},"description":{"default":"HelloWorld description"},"officeFabricIconFontName":"Page","properties":{"description":"HelloWorld"}}],"loaderConfig":{"entryModuleId":"hello-world-web-part","internalModuleBaseUrls":["<!-- PATH TO CDN -->/"],"scriptResources":{"hello-world-web-part":{"type":"path","path":"hello-world-web-part_580b61d168cf7309040b7e03c78cc275.js"},"HelloWorldWebPartStrings":{"defaultPath":"crud5-helloworldwebpartstrings_en-us_536e65149b0acf4d52c0043073b9fc59.js","type":"localizedPath","paths":{}},"@microsoft/sp-property-pane":{"type":"component","version":"1.10.0","id":"f9e737b7-f0df-4597-ba8c-3060f82380db"},"@microsoft/sp-core-library":{"type":"component","version":"1.10.0","id":"7263c7d0-1d6a-45ec-8d85-d4d1d234171b"},"@microsoft/sp-webpart-base":{"type":"component","version":"1.10.0","id":"974a7777-0990-4136-8fa6-95d80114c2e0"}}}}